round_epochs,loss,accuracy,val_loss,val_accuracy,batch_size,dropout,embedding_matrix,epochs,first_neuron,lr,optimizer,reduce_dim,trainable,word_embeddings_architecture
21,0.5186194181442261,0.0,0.6074346303939819,0.0,16,0.5,{'key': 'suc', 'weights': array([[ 0.        ,  0.        ,  0.        , ...,  0.        ,
         0.        ,  0.        ],
       [-0.10702   , -0.16535001, -0.023118  , ...,  0.08132   ,
         0.25141999,  0.15809999],
       [-0.10727   , -0.13511001, -0.12576   , ...,  0.12981001,
         0.21135999,  0.035919  ],
       ...,
       [ 0.14524999, -0.26769999, -0.048954  , ...,  0.13606   ,
         0.48717001, -0.24186   ],
       [-0.26960999, -0.15267   , -0.31827   , ...,  0.35622001,
         0.13829   ,  0.0091512 ],
       [ 0.021354  ,  0.00099773,  0.21856999, ..., -0.027161  ,
         0.20827   , -0.21273001]])},100,48,1.25,<class 'tensorflow.python.keras.optimizer_v2.adam.Adam'>,False,False,bilstm
