round_epochs,loss,accuracy,val_loss,val_accuracy,batch_size,dropout,embedding_matrix,epochs,first_neuron,lr,optimizer,reduce_dim,trainable,word_embeddings_architecture
14,0.555407702922821,0.7887930870056152,0.6331195831298828,0.6623376607894897,16,0.5,{'key': 'suc', 'weights': array([[ 0.        ,  0.        ,  0.        , ...,  0.        ,
         0.        ,  0.        ],
       [-0.10702   , -0.16535001, -0.023118  , ...,  0.08132   ,
         0.25141999,  0.15809999],
       [-0.10727   , -0.13511001, -0.12576   , ...,  0.12981001,
         0.21135999,  0.035919  ],
       ...,
       [ 0.14524999, -0.26769999, -0.048954  , ...,  0.13606   ,
         0.48717001, -0.24186   ],
       [-0.26960999, -0.15267   , -0.31827   , ...,  0.35622001,
         0.13829   ,  0.0091512 ],
       [ 0.021354  ,  0.00099773,  0.21856999, ..., -0.027161  ,
         0.20827   , -0.21273001]])},100,48,1.25,<class 'tensorflow.python.keras.optimizer_v2.adam.Adam'>,False,False,bilstm
24,0.6043829321861267,0.704741358757019,0.656798779964447,0.5974025726318359,16,0.8,{'key': 'gloVe', 'weights': array([[ 0.        ,  0.        ,  0.        , ...,  0.        ,
         0.        ,  0.        ],
       [ 0.068143  , -0.287866  ,  0.204097  , ...,  0.207196  ,
        -0.124671  ,  0.071675  ],
       [-0.056255  , -0.449303  ,  0.36730799, ...,  0.119577  ,
        -0.296262  ,  0.082772  ],
       ...,
       [ 0.420147  , -0.27104399,  0.51725   , ...,  0.44193199,
        -0.35862601, -0.226668  ],
       [ 0.067284  , -0.619075  ,  0.37821299, ..., -0.107676  ,
         0.088705  , -0.005852  ],
       [-0.51069498, -0.43353301,  0.239963  , ...,  0.122658  ,
        -0.15680601,  0.108813  ]])},100,12,1.5500000000000003,<class 'tensorflow.python.keras.optimizer_v2.adam.Adam'>,False,True,bilstm
