round_epochs,loss,accuracy,val_loss,val_accuracy,activation,batch_size,dropout,embedding_matrix,epochs,first_neuron,lr,optimizer,reduce_dim,trainable,word_embeddings_architecture
14,0.6256595849990845,0.6499999761581421,0.706407368183136,0.49000000953674316,relu,16,0.2,{'key': 'fastText', 'weights': array([[ 0.        ,  0.        ,  0.        , ...,  0.        ,
         0.        ,  0.        ],
       [ 0.0547    ,  0.0112    ,  0.191     , ...,  0.0066    ,
        -0.0021    , -0.023     ],
       [-0.0944    ,  0.0153    , -0.0357    , ...,  0.0149    ,
        -0.1884    , -0.069     ],
       ...,
       [ 0.16329999, -0.0867    , -0.13      , ..., -0.0608    ,
         0.0883    , -0.0121    ],
       [ 0.0636    , -0.0652    ,  0.0447    , ..., -0.0106    ,
        -0.0014    , -0.0004    ],
       [-0.22139999,  0.14210001, -0.3175    , ..., -0.019     ,
         0.0535    , -0.0019    ]])},1000,12,0.5,<class 'tensorflow.python.keras.optimizer_v2.adam.Adam'>,True,True,cnn
21,0.5751247406005859,0.7099999785423279,0.6879515647888184,0.5600000023841858,relu,16,0.2,{'key': 'fastText', 'weights': array([[ 0.        ,  0.        ,  0.        , ...,  0.        ,
         0.        ,  0.        ],
       [ 0.0547    ,  0.0112    ,  0.191     , ...,  0.0066    ,
        -0.0021    , -0.023     ],
       [-0.0944    ,  0.0153    , -0.0357    , ...,  0.0149    ,
        -0.1884    , -0.069     ],
       ...,
       [ 0.16329999, -0.0867    , -0.13      , ..., -0.0608    ,
         0.0883    , -0.0121    ],
       [ 0.0636    , -0.0652    ,  0.0447    , ..., -0.0106    ,
        -0.0014    , -0.0004    ],
       [-0.22139999,  0.14210001, -0.3175    , ..., -0.019     ,
         0.0535    , -0.0019    ]])},1000,12,0.5,<class 'tensorflow.python.keras.optimizer_v2.adam.Adam'>,True,True,bilstm
